City_ID,City,Lat,Lng,Max Temp,Humidity,Cloudiness,Wind Speed,Country,Date
0,hawaiian paradise park,19.59,-154.97,78.31,88,75,3.44,US,1697607647
1,petropavlovsk-kamchatsky,53.05,158.65,43.45,88,100,8.95,RU,1697607583
2,aldinga beach,-35.28,138.46,84.25,34,0,3.56,AU,1697607647
3,kolonia,50.93,6.95,44.96,76,0,6.91,DE,1697607647
4,alofi,-19.06,-169.92,73.29,60,67,16.11,NU,1697607647
5,sao joao da barra,-21.64,-41.05,76.17,86,100,8.25,BR,1697607648
6,as sulayyil,20.46,45.58,80.85,13,0,8.93,SA,1697607648
7,adamstown,-25.07,-130.1,71.47,89,100,6.29,PN,1697607648
8,carutapera,-1.2,-46.02,78.17,84,100,5.64,BR,1697607648
9,igarka,67.47,86.58,33.8,98,100,20.69,RU,1697607648
10,whitehorse,60.72,-135.05,45.37,86,100,5.75,CA,1697607579
11,chingola,-12.53,27.88,66.34,75,100,6.93,ZM,1697607648
12,nagato,34.38,131.2,72.0,48,23,9.66,JP,1697607648
13,road town,18.42,-64.62,82.49,71,23,14.0,VG,1697607648
14,bilibino,68.05,166.44,4.96,100,98,2.75,RU,1697607649
15,grytviken,-54.28,-36.51,34.5,91,98,12.15,GS,1697607649
16,port-aux-francais,-49.35,70.22,36.63,80,100,18.16,TF,1697607649
17,san francisco de la paz,14.9,-86.2,66.88,94,99,3.06,HN,1697607649
18,luganville,-15.53,167.17,80.1,84,88,2.66,VU,1697607649
19,avarua,-21.21,-159.78,71.65,68,20,3.44,CK,1697607649
20,sitka,57.05,-135.33,57.09,62,100,10.36,US,1697607649
21,kodiak,57.79,-152.41,45.91,81,0,11.5,US,1697607650
22,arraial do cabo,-22.97,-42.03,73.0,94,94,4.21,BR,1697607650
23,port alfred,-33.59,26.89,65.17,90,0,3.0,ZA,1697607496
24,blackmans bay,-43.02,147.32,66.33,69,17,1.99,AU,1697607650
25,wailua homesteads,22.07,-159.38,79.23,78,75,4.61,US,1697607650
26,yokadouma,3.52,15.05,70.5,99,100,0.96,CM,1697607650
27,codrington,-38.27,141.97,62.53,59,19,8.79,AU,1697607650
28,pak phanang,8.35,100.2,93.22,67,94,4.45,TH,1697607650
29,mili,6.08,171.74,83.79,67,76,2.26,MH,1697607650
30,sittwe,20.15,92.9,85.35,62,7,3.33,MM,1697607651
31,colonia,50.93,6.95,44.96,76,0,6.91,DE,1697607480
32,waitangi,-43.95,-176.56,51.82,78,41,5.99,NZ,1697607651
33,yaren,-0.55,166.92,81.9,75,100,18.48,NR,1697607651
34,fairbanks,64.84,-147.72,33.76,90,100,3.44,US,1697607651
35,bereeda,11.87,51.06,83.14,72,17,12.33,SO,1697607651
36,santa elena de uairen,4.62,-61.13,70.09,85,62,1.72,VE,1697607651
37,ahero,-0.17,34.92,69.78,70,17,3.33,KE,1697607651
38,west island,-12.16,96.82,82.38,74,75,11.5,CC,1697607652
39,yellowknife,62.46,-114.35,39.42,100,100,13.8,CA,1697607523
40,hovd,48.01,91.64,47.26,22,3,3.27,MN,1697607652
41,st. john's,47.56,-52.71,39.67,91,75,5.75,CA,1697607585
42,college,64.86,-147.8,33.75,89,100,3.44,US,1697607652
43,puerto lempira,15.27,-83.77,79.36,85,98,15.68,HN,1697607652
44,ribeira grande,38.52,-28.7,71.78,93,100,18.99,PT,1697607652
45,bethel,41.37,-73.41,52.25,85,100,0.0,US,1697607652
46,ushuaia,-54.8,-68.3,53.26,90,0,17.27,AR,1697607652
47,remire-montjoly,4.92,-52.27,75.24,94,0,2.3,GF,1697607652
48,miramichi,47.0,-65.47,43.0,75,100,3.58,CA,1697607653
49,ghat,24.96,10.17,77.56,22,46,3.78,LY,1697607653
50,jamestown,42.1,-79.24,49.59,96,100,6.91,US,1697607377
51,lompoc,34.64,-120.46,65.79,95,100,1.01,US,1697607653
52,vertientes,21.26,-78.15,74.01,90,35,10.07,CU,1697607653
53,howrah,22.59,88.31,87.8,70,75,6.91,IN,1697607355
54,margaret river,-33.95,115.07,62.24,67,16,18.41,AU,1697607653
55,hasilpur,29.71,72.56,82.04,33,0,5.28,PK,1697607653
56,albany,42.6,-73.97,52.21,94,16,3.38,US,1697607654
57,crane,31.4,-102.35,64.4,41,0,16.75,US,1697607654
58,kyzylorda,44.85,65.51,59.02,44,0,2.24,KZ,1697607654
59,iqaluit,63.75,-68.51,29.93,63,100,2.3,CA,1697607654
60,lashio,22.93,97.75,84.09,48,17,2.86,MM,1697607654
61,stanley,54.87,-1.7,50.02,85,75,9.22,GB,1697607654
62,halifax,44.65,-63.57,43.5,94,89,1.99,CA,1697607387
63,sakaiminato,35.55,133.23,76.98,44,75,8.05,JP,1697607654
64,nikol'sk,53.72,46.07,38.01,80,97,17.22,RU,1697607654
65,alesund,62.47,6.15,44.76,89,40,10.36,NO,1697607507
66,songea,-10.68,35.65,74.01,58,98,5.88,TZ,1697607655
67,al jahra',29.34,47.66,86.56,24,33,4.68,KW,1697607655
68,lerwick,60.15,-1.15,48.2,84,100,13.94,GB,1697607655
69,i-n-salah,27.19,2.46,75.34,19,1,3.38,DZ,1697607655
70,jamaame,0.07,42.74,88.25,57,47,10.87,SO,1697607655
71,tommot,58.96,126.29,31.98,78,100,9.48,RU,1697607655
72,ezhva,61.81,50.73,38.61,100,75,15.66,RU,1697607655
73,uturoa,-16.73,-151.43,78.64,83,77,12.91,PF,1697607655
74,la'ie,21.65,-157.93,80.56,74,4,1.99,US,1697607656
75,port mathurin,-19.68,63.42,75.09,79,30,9.4,MU,1697607656
76,carbonear,47.73,-53.21,40.14,91,100,6.31,CA,1697607656
77,ende,-8.84,121.66,94.03,38,21,3.96,ID,1697607656
78,kailua-kona,19.64,-156.0,78.51,87,2,1.01,US,1697607656
79,amga,60.9,131.96,25.99,52,100,7.0,RU,1697607656
80,longyearbyen,78.22,15.64,21.04,68,40,11.5,SJ,1697607656
81,prince rupert,54.32,-130.32,55.49,90,100,36.82,CA,1697607656
82,klaksvik,62.23,-6.59,45.52,83,100,21.34,FO,1697607656
83,selkirk,50.14,-96.88,53.74,78,100,8.32,CA,1697607657
84,dunda,-8.12,34.25,80.73,44,85,2.17,TZ,1697607657
85,nova sintra,14.87,-24.72,77.0,69,2,2.01,CV,1697607657
86,olonkinbyen,70.92,-8.72,36.23,80,98,12.71,SJ,1697607657
87,gadzhiyevo,69.26,33.34,36.5,70,100,16.8,RU,1697607657
88,punta arenas,-53.15,-70.92,48.31,61,40,12.66,CL,1697607657
89,edinburgh of the seven seas,-37.07,-12.31,54.73,75,100,19.89,SH,1697607657
90,klyuchi,52.27,79.17,58.5,29,11,10.09,RU,1697607657
91,rimus,16.88,120.4,86.05,70,76,6.13,PH,1697607657
92,ramadi,33.42,43.31,79.57,30,0,2.06,IQ,1697607658
93,ikedacho,34.02,133.8,72.82,56,3,4.21,JP,1697607658
94,puerto natales,-51.72,-72.49,39.52,93,69,5.95,CL,1697607658
95,kapuskasing,49.42,-82.43,39.2,87,0,4.61,CA,1697607658
96,georgetown,5.41,100.34,89.53,73,20,8.05,MY,1697607658
97,geraldton,-28.77,114.6,77.41,57,1,14.97,AU,1697607658
98,cabo san lucas,22.89,-109.91,85.75,67,4,3.11,MX,1697607438
99,nguigmi,14.25,13.11,83.93,27,88,11.97,NE,1697607659
100,tolanaro,-25.03,47.0,75.27,88,75,6.91,MG,1697607659
101,maceio,-9.67,-35.74,71.04,94,75,4.61,BR,1697607659
102,nemuro,43.32,145.57,58.6,56,18,4.21,JP,1697607659
103,saint-pierre,-21.34,55.48,82.56,74,75,9.22,RE,1697607659
104,mangai,-4.05,19.53,72.66,96,100,2.35,CD,1697607659
105,konarka,19.9,86.12,90.0,58,12,3.06,IN,1697607659
106,sake,-1.57,29.05,70.7,78,96,1.36,CD,1697607659
107,solnechnyy,50.72,136.63,40.03,82,100,7.72,RU,1697607659
108,peterhead,57.51,-1.8,50.4,70,100,20.07,GB,1697607660
109,namibe,-15.2,12.15,65.98,74,25,2.42,AO,1697607660
110,bredasdorp,-34.53,20.04,63.99,86,6,4.63,ZA,1697607371
111,itaituba,-4.28,-55.98,78.26,68,43,0.81,BR,1697607660
112,ciudad lazaro cardenas,17.96,-102.2,77.2,89,100,3.13,MX,1697607660
113,richards bay,-28.78,32.04,67.86,82,100,1.39,ZA,1697607660
114,luderitz,-26.65,15.16,70.63,49,0,3.74,NA,1697607660
115,lata,40.16,-8.33,63.07,94,81,5.23,PT,1697607660
116,okhotsk,59.38,143.3,24.13,62,60,2.53,RU,1697607661
117,pacific grove,36.62,-121.92,64.24,92,40,0.0,US,1697607513
118,haiku-pauwela,20.92,-156.31,77.04,74,0,8.05,US,1697607661
119,utrik,11.23,169.85,82.54,80,92,17.74,MH,1697607661
120,crieff,56.37,-3.84,52.14,98,100,9.55,GB,1697607661
121,faya-largeau,17.93,19.1,79.52,22,18,22.08,TD,1697607661
122,villa dolores,-31.95,-65.19,66.69,21,100,1.5,AR,1697607661
123,port hedland,-20.32,118.57,102.25,7,0,13.8,AU,1697607661
124,zaozersk,69.4,32.45,32.52,81,100,7.99,RU,1697607662
125,nadi,-17.8,177.42,80.6,74,40,12.66,FJ,1697607662
126,nagqu,31.5,92.0,30.56,82,100,9.28,CN,1697607662
127,zimapan,20.75,-99.35,48.11,95,99,1.52,MX,1697607662
128,badger,64.8,-147.53,33.67,90,100,3.44,US,1697607662
129,kerikeri,-35.23,173.95,60.33,94,100,11.74,NZ,1697607663
130,parry sound,45.35,-80.03,51.71,93,2,3.49,CA,1697607663
131,kone,-21.06,164.87,72.36,84,71,10.42,NC,1697607663
132,east london,-33.02,27.91,65.34,77,0,4.61,ZA,1697607663
133,westport,41.14,-73.36,54.19,85,75,5.75,US,1697607663
134,kiama,-34.68,150.87,69.39,62,24,8.88,AU,1697607378
135,komotini,41.12,25.4,53.78,81,100,7.61,GR,1697607663
136,hammerfest,70.66,23.68,34.25,80,40,10.36,NO,1697607664
137,cherokee,34.27,-84.45,48.88,94,0,0.0,US,1697607593
138,fale old settlement,-9.39,-171.25,83.26,74,32,6.51,TK,1697607664
139,treinta y tres,-33.23,-54.38,39.74,95,1,5.19,UY,1697607664
140,new norfolk,-42.78,147.06,67.5,25,6,3.44,AU,1697607664
141,leirvik,59.78,5.5,42.62,71,100,5.99,NO,1697607664
142,dudinka,69.41,86.18,33.62,98,100,5.99,RU,1697607664
143,kota belud,6.35,116.43,87.87,65,53,6.71,MY,1697607664
144,ulladulla,-35.35,150.47,74.77,51,0,6.73,AU,1697607665
145,tazovsky,67.47,78.7,42.48,93,100,11.48,RU,1697607665
146,lihue,21.98,-159.37,79.84,78,75,4.61,US,1697607665
147,aasiaat,68.71,-52.87,-0.71,92,74,6.15,GL,1697607665
148,valparaiso,-33.04,-71.63,55.04,87,100,8.05,CL,1697607614
149,ingeniero jacobacci,-41.34,-69.54,54.68,23,0,8.46,AR,1697607665
150,bikenibeu village,1.37,173.12,80.56,94,100,14.97,KI,1697607665
151,zhob,31.34,69.45,71.33,23,0,5.75,PK,1697607666
152,kachug,53.96,105.88,42.04,58,81,11.01,RU,1697607666
153,mount gambier,-37.83,140.77,75.2,31,7,4.76,AU,1697607666
154,kingscliff,-28.27,153.57,72.73,68,40,10.36,AU,1697607666
155,olyokminsk,60.37,120.43,34.0,67,99,8.01,RU,1697607666
156,baardheere,2.34,42.28,84.61,63,49,12.95,SO,1697607667
157,beledweyne,4.74,45.2,84.99,60,49,10.8,SO,1697607667
158,jalai nur,49.45,117.7,45.59,39,91,17.43,CN,1697607667
159,kristiansund,63.11,7.73,39.85,93,40,3.44,NO,1697607667
160,keelung,25.13,121.74,89.49,81,97,13.69,TW,1697607667
161,broken hill,-31.95,141.43,77.45,17,0,6.44,AU,1697607451
162,coquimbo,-29.95,-71.34,56.93,88,100,4.61,CL,1697607667
163,sao felix do xingu,-6.64,-51.99,76.82,51,74,0.72,BR,1697607524
164,hermanus,-34.42,19.23,64.71,79,10,8.3,ZA,1697607533
165,tibiri,13.56,7.05,81.97,27,32,7.87,NE,1697607667
166,bantay,17.58,120.39,88.97,65,78,7.85,PH,1697607668
167,green river,41.53,-109.47,55.8,48,38,6.62,US,1697607668
168,portland,45.52,-122.68,57.61,92,0,0.0,US,1697606960
169,bam,29.11,58.36,85.33,19,4,2.75,IR,1697607668
170,iskateley,67.68,53.15,34.02,89,100,8.99,RU,1697607668
171,mtwara,-10.27,40.18,83.93,54,62,7.29,TZ,1697607669
172,kavaratti,10.57,72.64,83.1,69,75,1.97,IN,1697607669
173,nar'yan-mar,67.67,53.09,34.11,89,100,8.99,RU,1697607669
174,sao vicente,-23.96,-46.39,73.98,26,100,5.28,BR,1697607669
175,vengerovo,55.68,76.75,56.44,59,47,10.36,RU,1697607669
176,bakaly,55.18,53.8,40.59,65,52,16.71,RU,1697607669
177,vorkuta,67.5,64.0,38.08,96,100,6.55,RU,1697607669
178,flying fish cove,-10.42,105.68,82.08,78,75,11.5,CX,1697607670
179,ust-nera,64.57,143.2,9.21,79,100,3.0,RU,1697607670
180,geneva,41.89,-88.31,49.86,87,0,0.0,US,1697607483
181,benghazi,32.12,20.07,73.17,57,0,6.96,LY,1697607670
182,papatowai,-46.56,169.47,54.68,70,66,11.65,NZ,1697607670
183,moultrie,31.18,-83.79,51.82,100,0,0.0,US,1697607670
184,qingdao,36.1,120.37,76.6,47,100,11.18,CN,1697607670
185,walvis bay,-22.96,14.51,59.09,88,3,4.61,NA,1697607670
186,puerto ayora,-0.74,-90.35,74.55,95,24,3.0,EC,1697607636
187,kazanskoye,55.64,69.23,57.88,47,5,13.94,RU,1697607671
188,invercargill,-46.4,168.35,54.01,81,90,18.99,NZ,1697607671
189,miguelopolis,-20.18,-48.03,80.42,60,66,4.45,BR,1697607671
190,siwa oasis,29.2,25.52,71.71,57,0,2.51,EG,1697607671
191,ilulissat,69.22,-51.1,14.02,73,75,8.05,GL,1697607671
192,sinabang,2.48,96.38,82.62,75,86,6.17,ID,1697607671
193,gandajika,-6.75,23.95,70.68,89,100,4.72,CD,1697607671
194,hithadhoo,-0.6,73.08,81.18,79,29,11.39,MV,1697607671
195,rio grande,-32.03,-52.1,51.94,77,28,12.3,BR,1697607620
196,thompson,55.74,-97.86,37.56,100,20,4.61,CA,1697607672
197,betio village,1.36,172.92,80.64,77,100,14.63,KI,1697607672
198,beyneu,45.32,55.2,52.16,50,84,7.65,KZ,1697607672
199,mount pearl,47.52,-52.78,38.84,91,75,5.75,CA,1697607672
200,susuman,62.78,148.17,6.98,62,35,1.01,RU,1697607672
201,nacimiento,-37.5,-72.67,50.05,74,0,1.68,CL,1697607672
202,san julian,21.02,-102.17,52.59,42,100,2.13,MX,1697607672
203,mungwi,-10.17,31.37,68.99,69,100,2.8,ZM,1697607673
204,queenstown,-31.9,26.88,66.45,40,0,3.62,ZA,1697607673
205,spanish lake,38.79,-90.22,53.28,78,0,0.0,US,1697607673
206,isangel,-19.55,169.27,84.31,70,75,4.61,VU,1697607468
207,yelizovo,53.19,158.38,44.8,100,100,8.95,RU,1697607673
208,rongelap,11.16,166.89,82.49,79,68,15.39,MH,1697607673
209,slave lake,55.28,-114.77,42.78,100,100,6.91,CA,1697607673
210,dakhla,23.68,-15.96,71.02,82,11,11.43,EH,1697607673
211,borba,-4.39,-59.59,73.53,89,30,1.21,BR,1697607674
212,baukau,51.55,7.2,46.8,82,100,4.0,DE,1697607674
213,deschutes river woods,43.99,-121.36,51.42,72,0,5.75,US,1697607674
214,marlin,31.31,-96.9,63.01,56,0,8.55,US,1697607674
215,chechelnyk,48.84,26.65,35.31,70,8,4.07,UA,1697607674
216,yuzhno-kurilsk,44.03,145.86,57.38,58,16,4.76,RU,1697607674
217,sona,45.44,10.83,54.95,73,75,1.14,IT,1697607674
218,banda aceh,5.56,95.32,83.86,69,97,6.2,ID,1697607674
219,yeppoon,-23.13,150.73,80.38,58,60,15.59,AU,1697607675
220,mildura,-34.2,142.15,79.32,19,0,5.77,AU,1697607675
221,hamilton,39.18,-84.53,47.39,92,0,5.75,US,1697606931
222,arawa,-6.21,155.54,83.03,79,78,0.51,PG,1697607675
223,afaahiti,-17.75,-149.28,78.67,85,94,15.48,PF,1697607675
224,tebingtinggi,3.33,99.16,86.68,66,94,4.9,ID,1697607675
225,vorgashor,67.58,63.95,37.4,95,100,7.4,RU,1697607675
226,puerto baquerizo moreno,-0.9,-89.6,73.76,85,81,9.89,EC,1697607676
227,chibougamau,49.92,-74.37,33.42,100,75,0.0,CA,1697607676
228,akureyri,65.68,-18.09,37.33,87,0,8.05,IS,1697607676
229,manat,7.53,126.02,84.67,80,72,2.82,PH,1697607676
230,saarijarvi,62.7,25.25,31.15,86,22,7.09,FI,1697607676
231,tiksi,71.69,128.87,12.83,96,100,3.87,RU,1697607676
232,hailey,43.52,-114.32,49.86,53,0,10.36,US,1697607676
233,manado,1.49,124.85,92.17,52,40,8.05,ID,1697607676
234,forster,-32.17,152.52,66.29,68,48,10.2,AU,1697607676
235,hadibu,12.65,54.03,83.19,73,3,6.87,YE,1697607677
236,newman,37.31,-121.02,67.05,74,0,1.01,US,1697607677
237,ugoofaaru,5.67,73.0,81.55,77,82,6.78,MV,1697607677
238,shenjiamen,29.96,122.3,72.45,65,0,14.74,CN,1697607677
239,brisas de zicatela,15.84,-97.04,78.06,72,91,5.14,MX,1697607677
240,linkou,45.3,130.28,51.55,76,100,10.02,CN,1697607677
241,nukus,42.45,59.61,55.38,44,0,2.3,UZ,1697607678
242,coahuayana de hidalgo,18.7,-103.66,77.31,94,100,4.16,MX,1697607678
243,ocean shores,46.97,-124.16,56.01,96,100,8.05,US,1697607678
244,babura,12.77,9.02,80.08,36,47,1.48,NG,1697607678
245,lebu,-37.62,-73.65,50.34,91,9,6.06,CL,1697607678
246,udachny,66.42,112.4,16.45,85,97,14.61,RU,1697607678
247,argostolion,38.18,20.49,66.74,60,20,6.91,GR,1697607678
248,gravatai,-29.94,-50.99,59.18,87,100,6.91,BR,1697607548
249,isafjordur,66.08,-23.12,44.22,92,100,13.2,IS,1697607678
250,minas de marcona,-15.21,-75.11,58.55,89,97,11.27,PE,1697607679
251,kasama,-10.21,31.18,68.99,67,94,2.93,ZM,1697607679
252,kez,57.9,53.72,38.41,70,99,16.11,RU,1697607679
253,tshabong,-26.05,22.45,69.98,36,0,16.98,BW,1697607679
254,shyroke,47.69,33.26,45.72,52,39,3.71,UA,1697607679
255,aksu,41.12,80.26,60.66,26,71,3.74,CN,1697607679
256,taltal,-25.4,-70.48,60.66,88,96,6.4,CL,1697607679
257,usinsk,65.99,57.53,41.07,87,94,14.0,RU,1697607680
258,kamaishi,39.27,141.88,66.07,53,10,2.89,JP,1697607680
259,qaqortoq,60.72,-46.03,28.96,50,6,7.45,GL,1697607680
260,taoudenni,22.68,-3.98,82.76,17,4,8.25,ML,1697607680
261,mejit,10.28,170.86,82.94,77,64,14.07,MH,1697607680
262,iquique,-20.22,-70.14,66.24,76,57,0.65,CL,1697607566
263,shingu,33.73,135.98,71.96,60,27,5.77,JP,1697607680
264,la passe,45.55,-0.9,66.43,90,98,20.22,FR,1697607681
265,keflavik,64.0,-22.56,50.43,81,75,34.52,IS,1697607681
266,xai-xai,-25.05,33.64,71.46,81,74,9.53,MZ,1697607681
267,alice springs,-23.7,133.88,85.55,9,0,9.22,AU,1697607543
268,tanumah,27.1,44.13,81.09,33,96,18.57,SA,1697607681
269,north bend,43.41,-124.22,57.85,94,75,0.0,US,1697607681
270,inhambane,-23.86,35.38,71.58,88,40,10.36,MZ,1697607681
271,sarkand,45.41,79.92,66.94,19,0,4.61,KZ,1697607681
272,groningen,53.25,6.75,41.07,89,86,8.05,NL,1697607682
273,nortelandia,-14.45,-56.8,78.31,44,17,1.61,BR,1697607682
274,nichlaul,27.32,83.73,82.51,58,34,0.78,IN,1697607682
275,anadyr,64.75,177.48,18.1,67,20,15.01,RU,1697607682
276,north battleford,52.78,-108.28,46.49,93,75,9.22,CA,1697607682
277,sao jose da coroa grande,-8.9,-35.15,74.53,80,100,7.54,BR,1697607682
278,leava,-14.3,-178.17,79.83,80,82,20.18,WF,1697607682
279,vilyuchinsk,52.93,158.4,44.92,94,100,5.64,RU,1697607682
280,midvagur,62.05,-7.19,45.43,93,100,19.57,FO,1697607683
281,rundu,-17.93,19.77,74.3,10,65,5.68,NA,1697607683
282,northport,33.23,-87.58,53.13,87,0,3.44,US,1697607639
283,ouadda,8.08,22.4,72.9,80,100,2.19,CF,1697607683
284,shache,38.42,77.24,64.69,20,81,6.78,CN,1697607683
285,st. paul,44.94,-93.09,56.77,71,0,4.61,US,1697607626
286,alta,69.97,23.27,25.86,85,75,3.44,NO,1697607683
287,santa vitoria do palmar,-33.52,-53.37,47.39,83,1,7.94,BR,1697607684
288,shaowu,27.34,117.48,81.19,51,0,2.71,CN,1697607684
289,curaca,-8.99,-39.91,70.3,71,70,13.62,BR,1697607684
290,novokruchininskiy,51.78,113.77,44.33,32,74,11.27,RU,1697607684
291,kruisfontein,-34.0,24.73,66.24,68,0,15.48,ZA,1697607684
292,mesquite,32.77,-96.6,62.58,64,0,4.0,US,1697607264
293,sligo,54.27,-8.47,51.69,93,100,17.05,IE,1697607684
294,shar,49.59,81.05,56.73,27,0,10.4,KZ,1697607685
295,santa cruz,-17.8,-63.17,78.26,69,75,3.44,BO,1697607505
296,mulayjah,27.27,48.42,86.25,39,68,7.7,SA,1697607685
297,nema,57.51,50.5,36.5,95,100,15.97,RU,1697607685
298,manta,-0.95,-80.73,76.78,83,75,6.91,EC,1697607685
299,tanga,-5.07,39.1,82.99,67,100,1.43,TZ,1697607685
300,turbat,26.0,63.04,84.09,58,30,4.5,PK,1697607685
301,sakakah,29.97,40.21,72.97,26,0,14.7,SA,1697607686
302,ola,59.58,151.28,28.42,37,0,8.08,RU,1697607686
303,zhangatas,43.57,69.75,66.09,22,35,16.42,KZ,1697607686
304,mar del plata,-38.0,-57.56,46.94,78,0,5.75,AR,1697607524
305,catriel,-37.88,-67.8,62.15,22,0,23.98,AR,1697607686
306,orumiyeh,37.55,45.08,53.15,66,20,2.3,IR,1697607686
307,page,36.91,-111.46,69.58,26,0,3.44,US,1697607686
308,celestun,20.87,-90.4,73.67,61,80,9.4,MX,1697607687
309,yambio,4.57,28.4,75.02,83,48,4.29,SS,1697607687
310,gebeit,21.07,36.32,80.83,28,51,7.96,SD,1697607687
311,zouerate,22.72,-12.45,79.5,27,27,5.93,MR,1697607632
312,neiafu,-18.65,-173.98,75.88,73,75,18.41,TO,1697607687
313,praia da vitoria,38.73,-27.07,71.85,88,40,13.87,PT,1697607688
314,busayra,30.74,35.61,63.39,55,0,2.77,JO,1697607688
315,cidreira,-30.18,-50.21,56.23,87,100,2.89,BR,1697607543
316,guarapari,-20.67,-40.5,73.51,89,90,3.44,BR,1697607392
317,toliara,-23.35,43.67,75.69,77,100,14.09,MG,1697607688
318,skelleftea,64.75,20.95,33.01,100,75,4.61,SE,1697607688
319,kourou,5.16,-52.65,75.25,89,85,6.17,GF,1697607688
320,sisimiut,66.94,-53.67,18.23,79,19,9.93,GL,1697607689
321,rio de janeiro,-22.9,-43.21,77.0,86,0,4.61,BR,1697607427
322,sandi,27.3,79.95,83.1,39,0,7.87,IN,1697607689
323,tieli,46.95,128.05,53.33,34,100,12.24,CN,1697607689
324,lodja,-3.48,23.43,73.85,94,99,1.74,CD,1697607689
325,moyynkum,44.29,72.95,65.79,29,24,6.87,KZ,1697607689
326,coron,12.0,120.2,86.23,65,37,7.74,PH,1697607689
327,naze,28.37,129.48,74.32,56,0,6.62,JP,1697607689
328,dwarka,22.24,68.97,84.78,62,3,6.89,IN,1697607690
329,khandyga,62.67,135.6,27.16,79,100,1.83,RU,1697607690
330,oranjemund,-28.55,16.43,66.2,70,0,7.67,NA,1697607690
331,touros,-5.2,-35.46,78.71,78,54,20.15,BR,1697607534
332,rockland,41.17,-74.05,53.64,93,21,2.33,US,1697607423
333,bonthe,7.53,-12.51,75.24,93,95,5.06,SL,1697607690
334,zayed city,24.38,54.59,87.01,60,0,4.61,AE,1697607690
335,brigantine,39.41,-74.36,55.02,92,100,0.0,US,1697607419
336,san pedro de ycuamandiyu,-24.09,-57.08,79.34,68,35,5.53,PY,1697607690
337,chajul,15.49,-91.03,59.04,99,100,1.41,GT,1697607691
338,abra pampa,-22.72,-65.7,50.13,76,82,10.83,AR,1697607691
339,harstad,68.8,16.53,32.81,94,72,4.0,NO,1697607691
340,abadiania,-16.2,-48.71,74.32,45,17,2.35,BR,1697607691
341,sibu,2.3,111.82,86.31,74,40,7.0,MY,1697607691
342,laguna,38.42,-121.42,71.08,69,0,4.61,US,1697607429
343,baishan,41.94,126.43,49.06,97,100,6.46,CN,1697607691
344,igis,46.95,9.57,53.6,61,100,8.34,CH,1697607692
345,aripuana,-9.17,-60.63,76.14,70,12,1.39,BR,1697607692
346,zhezqazghan,47.78,67.77,45.18,57,0,6.71,KZ,1697607692
347,northam,51.03,-4.22,60.66,89,100,24.14,GB,1697607692
348,malango,-2.96,119.9,80.33,69,71,4.16,ID,1697607692
349,prado,-17.34,-39.22,71.2,87,26,7.7,BR,1697607555
350,stokesdale,36.24,-79.98,52.3,92,20,2.53,US,1697607693
351,east ballina,-28.87,153.58,65.8,56,93,16.64,AU,1697607693
352,grand falls-windsor,48.93,-55.66,35.51,93,57,4.03,CA,1697607693
353,atherton,53.52,-2.49,52.9,81,100,8.01,GB,1697607693
354,tirano,46.22,10.17,52.61,90,100,1.72,IT,1697607693
355,andergrove,-21.08,149.18,76.64,68,89,16.28,AU,1697607693
356,dedovichi,57.55,29.95,36.75,97,100,6.93,RU,1697607694
357,breckenridge,32.76,-98.9,64.6,39,0,10.36,US,1697607467
358,karratha,-20.74,116.85,95.86,17,0,14.36,AU,1697607694
359,talnakh,69.49,88.4,33.21,95,100,20.6,RU,1697607694
360,quellon,-43.12,-73.62,46.69,94,91,6.02,CL,1697607694
361,tulsipur,28.13,82.3,78.49,44,38,4.41,NP,1697607694
362,tambacounda,13.75,-13.76,79.59,75,75,3.89,SN,1697607695
363,fort bragg,35.14,-79.01,58.91,85,100,0.0,US,1697607695
364,muli,2.92,73.57,81.82,76,59,11.45,MV,1697607695
365,papao,-17.75,-149.55,80.28,82,69,15.97,PF,1697607695
366,egilsstadir,65.27,-14.39,46.31,76,75,8.05,IS,1697607695
367,ranau,5.95,116.66,85.01,62,43,3.04,MY,1697607695
368,chitipa,-9.7,33.27,72.43,67,100,4.52,MW,1697607695
369,kingston,18.0,-76.79,83.35,81,20,3.44,JM,1697607450
370,boa vista,2.82,-60.67,78.78,83,20,4.61,BR,1697607695
371,xingcheng,40.62,120.72,61.11,56,85,6.73,CN,1697607696
372,al kharijah,25.45,30.55,74.26,39,0,8.63,EG,1697607696
373,usakos,-22.0,15.6,74.89,25,0,10.38,NA,1697607696
374,la paz,-16.5,-68.15,48.58,75,20,5.75,BO,1697607696
375,mugia,43.1,-9.22,64.17,88,100,18.68,ES,1697607696
376,taro,-8.39,115.28,80.6,54,32,3.94,ID,1697607696
377,kapa'a,22.08,-159.32,80.58,78,75,4.61,US,1697607696
378,kropp,54.42,9.52,46.22,96,40,3.44,DE,1697607696
379,guiuan,11.03,125.72,83.68,74,18,8.41,PH,1697607696
380,bengkulu,-3.8,102.27,81.91,73,32,10.8,ID,1697607697
381,anta,25.15,76.3,85.57,41,0,5.06,IN,1697607697
382,grande prairie,55.17,-118.8,44.78,81,75,0.0,CA,1697607697
383,behshahr,36.69,53.55,67.95,70,24,4.43,IR,1697607697
384,pisco,-13.7,-76.22,66.25,88,0,12.66,PE,1697607697
385,luza,60.63,47.25,35.47,96,100,14.09,RU,1697607697
386,port saint john's,-31.62,29.54,67.59,67,1,8.61,ZA,1697607697
387,coruripe,-10.13,-36.18,72.41,81,98,5.75,BR,1697607697
388,tangalle,6.02,80.79,78.96,92,100,7.29,LK,1697607698
389,tura,25.52,90.22,80.04,68,0,3.4,IN,1697607698
390,abepura,-2.63,140.58,90.41,55,40,3.44,ID,1697607698
391,eirunepe,-6.66,-69.87,72.37,87,73,1.79,BR,1697607507
392,kilju,40.96,129.33,65.59,46,94,5.1,KP,1697607698
393,enoch,37.77,-113.02,59.47,36,0,6.91,US,1697607698
394,san luis de la loma,17.27,-100.89,77.97,90,100,2.86,MX,1697607698
395,rodolfo sanchez taboada,31.72,-116.57,62.1,83,87,2.1,MX,1697607699
396,carnarvon,-24.87,113.63,85.96,36,0,19.37,AU,1697607699
397,shihezi,44.3,86.03,58.6,23,3,6.49,CN,1697607699
398,jiquilpan de juarez,19.98,-102.72,60.08,65,100,0.81,MX,1697607699
399,bubaque,11.28,-15.83,82.09,73,84,4.88,GW,1697607699
400,okulovka,58.4,33.29,37.56,94,42,5.01,RU,1697607699
401,ixtapa,20.7,-105.2,78.03,89,0,5.75,MX,1697607699
402,kanaya,34.82,138.13,74.68,53,20,10.36,JP,1697607699
403,male,4.17,73.51,89.55,66,75,9.22,MV,1697607699
404,nadym,65.53,72.52,44.42,87,90,16.11,RU,1697607700
405,linfen,36.09,111.52,67.21,47,99,2.01,CN,1697607700
406,itoman,26.12,127.67,82.78,53,20,6.91,JP,1697607629
407,vila franca do campo,37.72,-25.43,76.19,99,99,18.07,PT,1697607700
408,tadine,-21.55,167.88,72.55,94,96,16.96,NC,1697607700
409,moree,-29.47,149.85,81.63,19,0,5.17,AU,1697607700
410,filingue,14.35,3.32,87.31,23,97,7.43,NE,1697607700
411,javanrud,34.8,46.52,61.43,48,0,4.05,IR,1697607701
412,fonte boa,-2.5,-66.27,74.5,86,23,0.94,BR,1697607701
413,bongaree,-27.08,153.16,75.22,59,83,21.5,AU,1697607701
414,kalemie,-5.95,29.19,78.98,61,57,4.72,CD,1697607701
415,kirakira,-10.45,161.92,81.73,80,99,6.93,SB,1697607701
416,tralee,52.27,-9.7,56.25,90,100,24.85,IE,1697607545
417,al hazm,16.16,44.78,79.77,23,23,4.43,YE,1697607701
418,zapata,26.91,-99.27,62.71,59,0,3.44,US,1697607522
419,los alamos,35.89,-106.31,60.58,26,0,1.01,US,1697607702
420,severo-yeniseyskiy,60.37,93.04,33.58,76,95,4.0,RU,1697607702
421,olinda,-8.01,-34.86,73.13,83,75,6.91,BR,1697607413
422,paita,-5.09,-81.11,68.67,83,21,11.48,PE,1697607702
423,truro,50.27,-5.05,60.08,94,20,24.16,GB,1697607702
424,polyarnyy,69.2,33.45,36.41,72,100,17.36,RU,1697607702
425,mahina,-17.51,-149.49,80.37,69,40,13.8,PF,1697607702
426,amuntai,-2.42,115.25,90.0,49,48,5.88,ID,1697607702
427,chonchi,-42.61,-73.81,45.61,92,87,2.93,CL,1697607702
428,catbalogan,11.85,124.92,85.01,66,64,1.19,PH,1697607703
429,salida,37.71,-121.08,71.89,72,0,0.0,US,1697607569
430,cankaya,39.92,32.86,54.5,73,75,4.61,TR,1697607703
431,cabinda,-5.55,12.2,78.94,89,75,4.61,AO,1697607703
432,pundong,-7.95,110.35,88.11,55,75,18.57,ID,1697607704
433,sarmiento,-45.59,-69.07,57.0,45,65,5.46,AR,1697607704
434,malpe,13.35,74.72,87.1,71,57,3.47,IN,1697607704
435,el calafate,-50.34,-72.28,42.62,79,100,2.53,AR,1697607704
436,labytnangi,66.66,66.42,35.26,100,100,4.07,RU,1697607704
437,fort st. john,56.25,-120.85,46.29,66,75,9.22,CA,1697607704
438,selfoss,63.93,-21.0,48.04,81,100,26.06,IS,1697607704
439,gorom-gorom,14.44,-0.24,85.87,35,89,5.17,BF,1697607704
440,karatas,36.58,35.37,69.94,71,50,8.1,TR,1697607705
441,soc trang,9.6,105.98,87.75,67,59,8.52,VN,1697607705
442,sao gotardo,-19.31,-46.05,66.63,54,56,3.0,BR,1697607705
443,mountain home,43.13,-115.69,54.88,54,0,10.36,US,1697607705
444,punakha,27.58,89.86,75.31,43,41,3.83,BT,1697607705
445,bamboo flat,11.7,92.72,87.89,70,40,6.91,IN,1697607705
446,hartford city,40.45,-85.37,46.42,89,41,7.67,US,1697607705
447,sorong,-0.88,131.25,83.73,75,33,6.58,ID,1697607705
448,erenhot,43.65,111.98,53.35,17,5,21.94,CN,1697607705
449,ponnani,10.77,75.93,83.52,75,88,1.07,IN,1697607706
450,tacotalpa,17.6,-92.82,70.86,89,81,3.89,MX,1697607706
451,allapalli,19.42,80.07,89.24,47,10,1.23,IN,1697607706
452,balqash,46.85,75.0,50.59,53,0,11.18,KZ,1697607706
453,xilin hot,43.97,116.03,52.81,20,34,22.88,CN,1697607706
454,kitui,-1.37,38.01,70.09,71,100,5.28,KE,1697607706
455,sovetskaya gavan',48.97,140.29,54.1,56,69,4.29,RU,1697607706
456,santana,-0.06,-51.18,84.38,79,75,8.05,BR,1697607706
457,rathenow,52.61,12.34,37.4,88,12,4.92,DE,1697607707
458,trnava,48.38,17.59,42.22,76,0,4.45,SK,1697607707
459,pauini,-7.71,-66.98,72.68,95,43,1.43,BR,1697607707
460,madalena,41.22,-8.33,63.18,96,96,8.3,PT,1697607707
461,rantepao,-2.97,119.9,80.46,68,71,4.18,ID,1697607707
462,wellington,-41.29,174.78,59.56,82,70,16.11,NZ,1697607707
463,albufeira,37.09,-8.25,69.64,86,56,8.3,PT,1697607707
464,skikda,36.88,6.91,75.07,37,34,10.4,DZ,1697607707
465,san patricio,28.02,-97.52,69.64,53,0,6.33,US,1697607707
466,sahaswan,28.08,78.75,83.41,38,0,9.84,IN,1697607708
467,ushachy,55.18,28.6,43.57,74,100,13.44,BY,1697607708
468,barcelos,41.54,-8.62,65.84,89,100,8.84,PT,1697607708
469,tateyama,34.98,139.87,71.78,68,14,6.35,JP,1697607708
470,fort stockton,30.89,-102.88,66.25,37,0,14.97,US,1697607708
471,tomohon,1.33,124.84,83.34,62,45,2.26,ID,1697607708
472,quang ngai,15.12,108.8,80.11,84,100,0.34,VN,1697607708
473,port douglas,-16.48,145.47,77.85,71,83,15.61,AU,1697607708
474,balangir,20.72,83.48,86.5,54,1,5.06,IN,1697607708
475,sungai penuh,-2.08,101.38,84.78,34,63,3.62,ID,1697607709
476,jolo,6.05,121.02,84.34,75,48,0.96,PH,1697607709
477,acucena,-19.07,-42.55,64.92,68,24,0.94,BR,1697607709
478,greenville,35.61,-77.37,56.12,91,100,0.0,US,1697607709
479,zaysan,47.47,84.87,53.62,36,0,2.91,KZ,1697607709
480,yorkton,51.22,-102.47,40.84,100,20,8.05,CA,1697607709
481,nuku'alofa,-21.13,-175.2,73.74,73,20,16.11,TO,1697607709
482,marine corps base hawaii - mcbh,21.45,-157.75,80.56,82,99,1.99,US,1697607709
483,ust'-kut,56.79,105.77,30.43,81,100,8.01,RU,1697607451
484,labrador city,52.95,-66.91,35.51,80,100,8.05,CA,1697607710
485,axim,4.87,-2.24,75.65,90,43,3.04,GH,1697607710
486,port elizabeth,-33.92,25.57,70.32,68,0,7.0,ZA,1697607710
487,idri,27.5,13.27,71.46,22,7,3.87,LY,1697607710
488,la gi,10.67,107.78,84.79,76,93,12.62,VN,1697607710
489,la punta,-33.18,-66.31,58.39,33,59,14.97,AR,1697607710
490,porto novo,6.5,2.6,73.22,88,63,1.01,BJ,1697607710
491,long xuyen,10.38,105.42,87.75,62,89,9.98,VN,1697607710
492,kongolo,-5.38,27.0,72.64,89,99,0.89,CD,1697607710
493,adre,13.47,22.2,77.02,23,61,17.0,TD,1697607711
494,melendugno,40.27,18.34,53.69,100,20,2.3,IT,1697607711
495,namtsy,62.72,129.67,25.03,69,100,4.54,RU,1697607711
496,saipan,15.14,145.7,88.5,74,20,13.8,MP,1697607711
497,saint-philippe,-21.36,55.77,80.19,78,77,7.92,RE,1697607711
498,siluko,6.54,5.16,72.52,91,99,1.83,NG,1697607711
499,severnoye,56.35,78.36,52.99,70,19,8.99,RU,1697607711
500,manvi,15.98,77.05,90.77,36,21,10.04,IN,1697607711
501,coyhaique,-45.58,-72.07,47.01,87,0,6.91,CL,1697607712
502,cimitarra,6.31,-73.95,73.53,92,99,2.62,CO,1697607712
503,bartica,6.4,-58.62,77.32,99,50,1.5,GY,1697607712
504,pristen',51.24,36.7,39.25,68,19,14.14,RU,1697607712
505,caibarien,22.52,-79.47,70.92,70,96,10.8,CU,1697607712
506,gonabad,34.35,58.68,68.07,34,0,0.0,IR,1697607712
507,paphos,34.77,32.42,69.58,73,20,5.75,CY,1697607712
508,coari,-4.08,-63.14,77.16,72,59,0.94,BR,1697607712
509,mont-dore,-22.28,166.58,73.38,89,87,8.01,NC,1697607713
510,constantia,44.18,28.65,52.7,62,100,7.9,RO,1697607713
511,opuwo,-18.06,13.84,73.02,14,10,3.33,NA,1697607713
512,notodden,59.56,9.26,39.52,100,0,2.3,NO,1697607713
513,san jose del guaviare,2.57,-72.65,71.89,98,9,0.54,CO,1697607713
514,pandan,14.05,124.17,85.71,71,36,9.46,PH,1697607713
515,mitu,1.2,-70.17,72.27,98,80,1.23,CO,1697607713
516,mandalgovi,45.76,106.27,46.35,28,26,19.1,MN,1697607713
517,nogliki,51.83,143.17,48.34,84,85,7.0,RU,1697607713
518,patnanungan,14.78,122.18,81.52,85,71,17.0,PH,1697607714
519,hotan,37.1,79.93,62.74,20,93,8.28,CN,1697607714
520,thinadhoo,0.53,72.93,81.21,78,83,11.1,MV,1697607714
521,khairpur tamewah,29.58,72.24,80.64,38,0,4.41,PK,1697607714
522,glubokiy,48.52,40.33,39.11,54,25,5.79,RU,1697607714
523,chebba,35.24,11.12,76.71,34,17,12.3,TN,1697607714
524,port lincoln,-34.73,135.87,70.18,47,0,5.86,AU,1697607714
525,soio,-6.13,12.37,77.77,84,100,5.7,AO,1697607714
526,nova xavantina,-14.67,-52.35,78.35,39,5,2.17,BR,1697607715
527,san antonio de pale,-1.4,5.63,78.1,84,97,9.82,GQ,1697607715
528,villa elisa,-25.37,-57.62,78.39,65,0,5.75,PY,1697607715
529,baturaja,-4.13,104.17,99.59,26,90,8.43,ID,1697607715
530,el granada,37.5,-122.47,64.63,90,100,9.22,US,1697607715
531,masterton,-40.96,175.66,59.88,85,74,2.33,NZ,1697607715
532,hotarele,44.17,26.37,52.03,70,100,5.66,RO,1697607715
533,tual,-5.67,132.75,80.73,74,58,7.31,ID,1697607716
534,samalut,28.31,30.71,72.25,67,0,10.36,EG,1697607716
535,nantucket,41.28,-70.1,53.65,89,40,3.44,US,1697607716
536,torit,4.41,32.57,80.31,68,75,0.29,SS,1697607716
537,sompeta,18.93,84.6,85.57,65,27,4.74,IN,1697607716
538,motygino,58.18,94.76,40.78,75,39,1.99,RU,1697607716
539,awjilah,29.11,21.29,70.5,55,0,2.82,LY,1697607716
540,makoua,0.01,15.63,71.96,98,100,2.19,CG,1697607716
541,vetluzhskiy,58.39,45.47,35.04,97,100,17.0,RU,1697607717
542,al jumum,21.62,39.7,86.7,43,16,3.62,SA,1697607717
543,mena,51.52,32.22,41.23,67,91,10.85,UA,1697607717
544,weno,7.45,151.85,84.31,71,70,5.95,FM,1697607717
545,dunedin,-45.87,170.5,55.8,71,23,3.0,NZ,1697607717
546,port augusta,-32.5,137.77,85.24,12,0,4.94,AU,1697607717
547,happy valley-goose bay,53.32,-60.33,39.51,81,75,8.05,CA,1697607717
548,sidi akkacha,36.46,1.3,71.89,53,64,10.74,DZ,1697607717
549,enewetak,11.35,162.34,83.62,76,17,13.98,MH,1697607718
550,hasaki,35.73,140.83,73.8,59,92,7.87,JP,1697607718
551,vernon,50.26,-119.27,52.61,79,100,1.14,CA,1697607718
552,north platte,41.12,-100.77,46.29,81,0,0.0,US,1697607718
553,tartouss,34.89,35.89,74.28,65,17,5.68,SY,1697607718
554,freetown,8.48,-13.23,74.91,94,75,6.91,SL,1697607718
555,buxton,53.26,-1.91,49.42,92,100,5.01,GB,1697607718
556,tomatlan,19.93,-105.25,76.57,93,100,2.15,MX,1697607719
557,ta`u,-14.23,-169.51,79.38,80,89,24.05,AS,1697607719
558,vilyuysk,63.76,121.62,26.19,96,100,5.01,RU,1697607719
559,leshan,29.56,103.76,68.7,85,100,4.88,CN,1697607719
560,carbondale,37.73,-89.22,52.05,86,0,4.61,US,1697607662
561,dampit,-8.21,112.75,89.17,42,57,8.16,ID,1697607719
562,san andres,12.58,-81.7,84.22,84,20,6.91,CO,1697607653
563,port blair,11.67,92.75,87.84,70,40,6.91,IN,1697607719
564,es castell,39.88,4.29,72.28,100,20,3.44,ES,1697607720
565,miastko,54.0,16.98,44.37,87,89,10.25,PL,1697607477
566,ambovombe,-25.17,46.08,76.32,73,100,6.82,MG,1697607720
567,jiuquan,39.74,98.52,49.6,32,99,9.44,CN,1697607720
568,mata-utu,-13.28,-176.17,80.92,79,100,20.33,WF,1697607720
569,guaruja,-23.99,-46.26,73.89,26,100,7.47,BR,1697607720
